genotype	value
G	1.142857143
G	1.714285714
G	1.9
G	0.555555556
G	0
G	2
G	0.555555556
H	1.5
G	1.7
H	0.142857143
H	0.1
H	2
H	1.125
H	0
H	2.2
G	1.7
G	2.7
G	1.2
G	2.571428571
G	2.5
G	1.125
G	3.2
H	2.1
G	2.2
G	0.571428571
G	2
H	2.6
H	0.7
G	1.9
H	0.7
H	1.111111111
H	0.3
H	0.1
H	0.666666667
G	1.4
H	0
H	0
H	0.1
G	1.5
G	2.5
G	2.5
G	3.555555556
H	0.8
H	1.555555556
G	1.2
G	0.444444444
H	1.1
G	0.8
G	2
G	0.666666667
G	0.714285714
H	2.444444444
H	0.111111111
H	1.333333333
H	0.888888889
H	0.555555556
H	1.6
H	0.888888889
H	0.4
G	1.2
G	2.444444444
G	1.6
H	1.3
H	0.9
G	2.1
G	3.333333333
G	2.428571429
G	0.4
G	1.714285714
G	2.9
G	0
G	3.714285714
G	0.714285714
G	1.8
G	1.3
G	2.9
G	0
G	2.5
G	1.5
H	0.5
G	2.555555556
G	2.2
H	1.7
G	1.4
G	1.4
G	0.8
G	1.2
G	0.833333333
G	1.2
G	1.3
G	2.142857143
G	2.6
H	0.1
H	0.9
H	0.833333333
H	0.888888889
G	0.8
H	0.8
G	1
H	1.5
G	2.1
G	2
G	1.222222222
G	0.142857143
H	1.75
G	1.9
G	2.571428571
G	1.7
H	2.25
G	1.5
G	0.4
G	1.888888889
G	0
G	1
H	0
H	1.375
G	2.4
G	3
H	0.3
H	1.444444444
G	3.3
G	3.2
G	1.333333333
H	2.222222222
G	2.666666667
G	3.2
G	2.4
H	1.3
G	2.6
G	0.714285714
H	2
H	1.2
G	2
G	2.25
G	2
G	2
G	3
G	0.714285714
G	1.857142857
G	2.8
G	2.666666667
G	1.6
H	3.125
G	2.222222222
H	0.5
G	1.8
H	0
G	1.6
H	0.375
H	0.5
H	0.4
G	0.666666667
H	2.625
G	3.6
G	0.375
G	0.1
H	0
H	0
G	2.428571429
H	0
G	0.666666667
G	0.8
G	1.5
G	1.75
G	3
G	3
G	0.166666667
G	0.5
G	2.285714286
G	3
G	4
H	0
G	4
H	0.111111111
G	2.777777778
G	1.25
H	0.222222222
G	1.625
H	0.4
H	1.222222222
G	2
H	3.2
G	1.333333333
G	2.222222222
G	2
H	3.111111111
H	1
G	2.222222222
G	1.2
