genotype	value
B	0
A	2.9
H	1.6
A	3.9
A	0
A	0.3
A	0
A	0.777777778
A	0.2
H	4
A	0.444444444
A	0.5
H	0
A	0
B	0.5
B	0
A	0.8
A	0.7
B	0.3
H	0.8
B	1.2
A	0.2
H	0
B	1
A	0.1
A	2.6
A	2.1
B	3.5
A	0.7
A	0
A	2.1
B	1.5
A	0.8
B	3.5
B	0
H	2.2
B	1.5
H	4
A	0.2
B	4
B	4
B	2
B	0
A	0.111111111
H	1.7
B	4
B	4
B	4
B	2.9
A	0.2
A	1.8
B	1.6
A	0
B	0
B	0.1
H	0
H	0.1
A	0
A	0.2
A	0
B	0
B	0.4
B	4
A	1.8
B	1
A	0.5
B	0.4
B	0
A	2
B	1.7
B	3
B	4
B	4
A	1.7
H	3.333333333
A	3.333333333
B	0.7
A	0.6
H	0.1
B	4
A	1.8
A	4
A	4
A	4
B	2.8
B	4
B	0.6
A	0.6
A	0.7
A	1.8
A	0.2
B	4
-	0
A	0.4
A	0
A	0.6
B	0.6
B	0.2
H	2.2
H	1.6
